 <motd updateperiodhours="12">
    <line time="1">
      <canvaswidget xmlns="runtime-namespace:Game">
    </canvaswidget></line>
    
    <line time="5">
      <stackpanelwidget xmlns="runtime-namespace:Game" horizontalalignment="Center" verticalalignment="Center">
        <labelwidget text="Welcome to Survivalcraft 2.6!" verticalalignment="Center">
      </labelwidget></linkwidget></labelwidget></stackpanelwidget>
    </line>
	
    <line time="5">
      <stackpanelwidget xmlns="runtime-namespace:Game" horizontalalignment="Center" verticalalignment="Center">
        <labelwidget text="Multiplayer can now be hosted!" verticalalignment="Center">
      </labelwidget></linkwidget></labelwidget></stackpanelwidget>
    </line>
	
	 <line time="5">
      <stackpanelwidget xmlns="runtime-namespace:Game" horizontalalignment="Center" verticalalignment="Center">
        <labelwidget text="New blocks and bundles!" verticalalignment="Center">
      </labelwidget></linkwidget></labelwidget></stackpanelwidget>
    </line>
	
	 <line time="5">
      <stackpanelwidget xmlns="runtime-namespace:Game" horizontalalignment="Center" verticalalignment="Center">
        <labelwidget text="Sound Blocks are added!" verticalalignment="Center">
      </labelwidget></linkwidget></labelwidget></stackpanelwidget>
    </line>
	
	 <line time="5">
      <stackpanelwidget xmlns="runtime-namespace:Game" horizontalalignment="Center" verticalalignment="Center">
        <labelwidget text="For more information, use the blog below!" verticalalignment="Center">
      </labelwidget></linkwidget></labelwidget></stackpanelwidget>
    </line>
	
    <line time="5">
      <canvaswidget xmlns="runtime-namespace:Game">
    </canvaswidget></line>
  </motd>